name,name_en,ward,address,gluten_free_items,phone,source_url,image_url,notes,date_added
グルテンフリーカフェ リトルバード,glutenfree cafe little bird,渋谷区,東京都渋谷区上原1-1-20 JPビル 3F,米粉のピザ; 米粉のハンバーガー; 米粉パスタ; 米粉の唐揚げ; 餃子; グルテンフリーラーメン; グルテンフリーうどん; お好み焼き; シンパンケーキ（米粉カスタードパンケーキ）; シューサンドイッチ; 米粉のホームメイドスイーツ; ワッフル,03-3460-8282,https://gohan.life/articles/251,,全メニューが国産米粉100%使用の完全グルテンフリーのカフェ。先代・現オーナーともグルテンアレルギー当事者で、微量の麦混入にも敏感に対応するなどセリアック・小麦アレルギー対応に配慮があるとされる。乳製品フリーのメニューも数種あり。ただし食べログ等では『営業状況が未確認（移転または閉店の可能性）』との表示があるため、訪問前に営業状況の確認を強く推奨する。,2026-06-24
炙り味噌らーめん 麺匠 真武咲弥 渋谷店,Samurai Noodle Shibuya (Shinbusakiya),渋谷区,東京都渋谷区道玄坂2-10-3,"炙り味噌野菜増 玄米麺（グルテンフリーラーメン、1,450円）; 玄米麺を使ったグルテンフリー味噌ラーメン",,https://www.gltjp.com/ja/directory/item/17120/,,グルテンフリー専門店ではなく、通常の小麦のちぢれ麺に加えて選択肢として玄米麺（グルテンフリー）を用意しているラーメン店。ノンポーク・ヴィーガン対応メニューもある。一般の小麦麺と同じ厨房で調理されるため、小麦との交差汚染（コンタミネーション）のリスクは排除できない点に注意。電話は予約不可。,2026-06-24
My Banh Mi by Gluten Free TOKYO,My Banh Mi by Gluten Free TOKYO,渋谷区,東京都渋谷区神宮前1-20-4 アクシア原宿103,スタンダードバインミー（鶏むね肉ハム、米糀甘酒・カシューナッツ使用）; VEGANソイミートバインミー; 発酵あんこ＆自家製アーモンドバターのスイーツ系バインミー; ピーナッツバターサンド（バインミー）; サバガーリックサンド; サバ＆ミントソースのバインミー; グルテンフリーカヌレ; グルテンフリースコーン,090-3176-8131,https://jp.trip.com/moments/detail/tokyo-294-137472148/,,熊本県産米粉「ミズホチカラ」100%と天然酵母を使った米粉バゲットを使用する、全メニューがグルテンフリーのバインミー専門店。ラードや白砂糖不使用で、ヴィーガン対応メニューもある。なお公式インスタグラムによると原宿店は物件の都合で移転予定との告知があり、食べログでも営業状況未確認の表示があるため、来店前に最新の所在地・営業状況の確認を推奨。,2026-06-24
グルテンフリースイーツ専門店 NachuRa YOYOGI PARK 本店,NachuRa Yoyogi park,渋谷区,東京都渋谷区富ヶ谷1-17-7 第二山栄ビル1階,チーズケーキ（北海道産素材のスペシャルチーズケーキ）; ピスタチオのシュークリーム; フィナンシェ; グルテンフリークッキー（オリジナルブレンドのコーヒー味など）; ヴィーガンビスケット（ラングドシャ風）; ペット用スイーツ,070-4680-4217,https://tomigaya-shinbun.com/natura.html/,,全スイーツが小麦・白砂糖不使用のグルテンフリースイーツ専門店（パティスリー兼カフェ）。小麦の代わりに米粉、白砂糖の代わりに甜菜糖を使用。元は南青山にあり富ヶ谷へ移転。卵・乳製品（北海道産）は使用するため乳・卵アレルギーには注意。ヴィーガン対応の焼き菓子もあり全国発送可。営業時間8:00～17:00、定休日は月曜（祝日の場合翌日）。,2026-06-24
グルテンフリーカフェ avan 渋谷本店,GLUTEN FREE CAFE avan,渋谷区,東京都渋谷区神泉町1-20 松濤ビル1F,"米粉チュロス; モーニングチュロス（朝限定、スクランブルエッグとサラダ付き）; タコライス（1,200円）; 自家製からあげプレート（1,200円）; 米粉スイーツ; グルテンフリーアフタヌーンティー",,https://www.jalan.net/news/article/835441/,,小麦を一切使用しないグルテンフリー専門カフェ。山形県庄内産の米粉を使用した米粉チュロスが看板メニュー。専門店のため店舗全体がグルテンフリーで、交差汚染リスクは比較的低いと考えられるが、詳細はアレルギー対応について店舗への確認を推奨。神泉駅徒歩約3～5分。,2026-06-24
Café ON田（カフェオンデン）,Cafe ONDEN,渋谷区,東京都渋谷区原宿（神宮前）※明治神宮前駅・原宿駅から徒歩8分,"米粉のピザ（一膳のピザ：トマトソース、しらすとネギの和風など）; サラダランチプレート（オーガニックサラダ・スープ・米粉パン・おから生地の素焼きピザ付き、1,080円）; 米粉のパン（オンデンベーカリー）",,https://www.ondenhouse.jp/cafe/,,米粉（山梨県産特別栽培米のこしひかり）を使ったグルテンフリー・無添加・手作りにこだわる専門カフェ。醤油や味噌などの調味料もグルテンフリーで、小麦アレルギーの人や小さい子どもも安心して利用できるとされる。公式サイトに『現在営業再開に向けて準備中』との記載があるため、来店前に営業状況の確認が必要。番地等の詳細住所は公式上で明示確認できなかった。,2026-06-24
SHARK COFFEE,SHARK COFFEE,渋谷区,東京都渋谷区宇田川町2-1 渋谷ホームズ1F,レモンヨーグルトヘルシーチーズケーキ（グルテンフリー&ヴィーガン）,,https://fruoats.jp/blog/2023/11/02/shinjuku-glutenfree-shibuya/,,渋谷PARCO近くのオーガニックスイーツ＆ドリンクを扱うグルテンフリー対応カフェ。専門店ではなく一部のメニュー（グルテンフリー&ヴィーガンのチーズケーキ等）がグルテンフリー。グルテンフリー以外のメニューも提供されるため交差汚染の可能性については店舗確認を推奨。営業時間8:00～19:00、渋谷駅から徒歩約7分。,2026-06-24
そらのいろ NIPPON,Soranoiro NIPPON,千代田区,〒100-0005 東京都千代田区丸の内1丁目9-1 東京駅一番街 地下 東京ラーメンストリート（JR東京駅八重洲地下街直結）,グルテンフリー塩らーめん（島根県雲南市・宮内舎の玄米麺使用）; ヴィーガン水餃子（皮に米粉使用、グルテンフリー対応可）; 各ラーメンの玄米麺への変更（ベジソバ等、追加料金で変更可）,,https://soranoiro-vege.com/store-menu/soranoiro-nippon/,,完全グルテンフリー店ではなく、一部メニューがグルテンフリー。完全対応は『グルテンフリー塩ラーメン』で、注文時に小麦アレルギーを伝えると通常麺とは別の専用釜で玄米麺を茹でてもらえる。ベジソバ等の玄米麺への変更（+250〜400円）は可能だが、味玉など醤油使用のトッピングは対象外。水餃子はコンタミネーション（混入）の可能性があると店が明記している。営業9:00〜23:00（LO22:30）、年中無休。,2026-06-24
日本一おいしい玄米パスタ UN-GLUTEN,UN-GLUTEN (Angluten),千代田区,〒101-0047 東京都千代田区内神田1-18-9 ノシロビル1F,玄米生パスタ（国産コシヒカリの玄米100%、ル・ゲンマイ使用）; ほうれん草とベーコンのクリームパスタ; エビとブロッコリーのジェノベーゼ; ナポリ風イタリアンチーズパスタ; たけのこときのこの和風パスタ; ジェラート（レックス・ベリー スウィートベリー等）,03-5244-5355,https://kanda.keizai.biz/release/144159/,,玄米パスタ専門店。グルテンフリーのパスタが看板で、フードの調味料も小麦不使用とされる。メニューは9種類の玄米パスタとジェラートが中心。完全キャッシュレス決済のみ。営業11:30〜20:30（LO20:00）。専用キッチンの認証等の記載はなく、重度のセリアック対応可否は店への確認を推奨。,2026-06-24
REVIVE KITCHEN THREE HIBIYA,REVIVE KITCHEN THREE HIBIYA,千代田区,東京都千代田区有楽町1-1-2 東京ミッドタウン日比谷 2F,季節のフルーツとライスミルクのソフトクリームパフェ; ライスミルクソフトクリーム; デザート類（基本的にすべてグルテンフリー／グルテンレスを意識）,,https://precious.jp/articles/-/13679,,デリ＆カフェレストラン。スイーツは基本的にすべてグルテンフリーやグルテンレスを意識して作られているが、食事メニューを含め全店完全グルテンフリーとは確認できず、一部対応の位置づけ。クロスコンタミネーションの明記はなく、要注意の方は店へ確認を推奨。営業11:00〜22:00（料理LO20:00／全体LO21:00）。,2026-06-24
チャヤ ナチュラル&ワイルドテーブル 日比谷シャンテ店,CHAYA Natural & Wild Table Hibiya Chanter,千代田区,東京都千代田区有楽町1-2-2 日比谷シャンテ B2F,グルテンフリー仕様のベジハンバーグプレート,,https://fruoats.jp/blog/2023/11/03/ginza-glutenfree-cafe/,,マクロビオティックのカフェ／レストラン。化学調味料・合成着色料・人工甘味料不使用、国産有機玄米使用。完全グルテンフリー店ではなく一部メニューがグルテンフリー対応。クロスコンタミネーションの明記はなく要確認。営業（月〜日・祝）11:00〜22:00（LO21:00）。,2026-06-24
FANCL BROWN RICE MEALS（ファンケル ブラウン ライス ミイルズ）,FANCL BROWN RICE MEALS,中央区,東京都中央区銀座5-8-16 ファンケル銀座スクエア B1F,BRM自家製玄米パスタ（生玄米麺）; 玄米「金のいぶき」リゾット; 大山鶏のロースト; ガーデンサラダ; 玄米ブレッド（グルテンフリー・テイクアウト可）; ドルチェ（グルテンフリースイーツ）,03-3289-0721,https://fancl-restaurant.jp/brown-rice-meals,,全メニューが小麦粉不使用のグルテンフリー。化粧品・健康食品メーカーのファンケル直営の玄米イタリアン。生パスタは玄米粉で毎日店内で手作り。大豆ミートを使ったヴィーガンメニューもあり。アレルギー対応は予約時に相談を推奨。完全グルテンフリーを掲げているが、セリアック向けの専用調理・コンタミネーション対策の明記は確認できなかった。,2026-06-24
AIN SOPH. GINZA（アインソフ ギンザ）,AIN SOPH. GINZA,中央区,東京都中央区銀座4-12-1,天上のヴィーガンパンケーキ（グルテンフリー仕様）; 季節限定パンケーキ（宇治抹茶のパンケーキ、丸ごとバナナのチョコパンケーキ等／ヴィーガン＆グルテンフリー）; ヴィーガンプリン; フルーツプリンパフェ,,https://www.ain-soph.jp/news/categories/ginza,,ヴィーガンレストラン。全メニューがグルテンフリーではなく、グルテンフリーの品目が複数ある形。パンケーキやプリンなど一部メニューがヴィーガン＆グルテンフリー。クッキー缶は乳・卵・小麦などを持ち込まない専用工場で製造とされるが、店内料理についてのコンタミネーション対策の詳細は確認できなかった。東銀座駅3番出口徒歩1分。,2026-06-24
2foods 銀座ロフト店（トゥーフーズ）,2foods Ginza Loft,中央区,東京都中央区銀座2-4-6 銀座ベルビア館（銀座ロフト）1F,まるでバターチキンカレー（グルテンフリー、玄米＋カリフラワーのライス添え）; こく旨オリジナルカレー（グルテンフリー）; 生食感の濃厚ガトーショコラ（白砂糖不使用・グルテンフリー）; レアチーズケーキ（グルテンフリー）,03-3528-6811,https://r.gnavi.co.jp/d8a5uvv20000/menu1/,,プラントベース（ヴィーガン）のヘルシージャンクフード店。全メニューが動物性不使用だが、グルテンフリーは一部メニューのみ（バーガーのバンズは国産小麦・全粒粉を使用しグルテンフリーではない）。ガトーショコラは乳使用の別製品と同じラインで製造とされ、コンタミネーションの注意あり。,2026-06-24
ローズベーカリー 銀座,Rose Bakery Ginza,中央区,東京都中央区銀座6-9-5 ギンザコマツ西館（ドーバー ストリート マーケット ギンザ）7F,グルテンフリーのチーズケーキ; グルテンフリーケーキ（過去に期間限定で小麦粉不使用ケーキを販売）,03-6274-6211,https://www.royal-holdings.co.jp/release/backnumber/2018/3682.php,,パリ発のベーカリー・カフェ。グルテンフリー専門店ではなく、グルテンフリーのケーキ・チーズケーキなど一部メニューを提供。野菜中心のシンプルな料理が中心で、ヴィーガン・ベジタリアン対応も可能。小麦を扱う厨房のためコンタミネーションのリスクがあり、セリアック対応の明記は確認できなかった。,2026-06-24
銀座つぼやきいも,Ginza Tsubo Yakiimo,中央区,東京都中央区銀座7-6-4 GINZA7ビル 1F,つぼやきいも（壺焼き芋、まるごと/はんぶん/ちいさいの）; アイスやきいも（冷凍焼き芋）; つぼ芋ラテ（焼き芋＋牛乳）,03-6263-8773,https://ginza.keizai.biz/headline/3541/,,焼き芋専門店。トッピングや加工をせず、さつまいもと炭火のみで焼く自然派の焼き芋で、原材料的に自然とグルテンフリー（つぼ芋ラテは牛乳使用）。グルテンフリーを標榜する専門店ではないが、小麦粉を使う商品を扱わないため小麦コンタミネーションのリスクは低い。日曜定休。,2026-06-24
AIN SOPH. Journey 新宿三丁目店,AIN SOPH. Journey SHINJUKU,新宿区,東京都新宿区新宿3-8-9 新宿Qビル 1F,グルテンフリージェノベーゼパスタ; グルテンフリーパスタ（S/L）; ベジミートの唐揚げ（グルテンフリー）; グリーンカレー; きのこのハヤシライス,03-5925-8908,https://www.tablecheck.com/ja/ain-soph-journey,,完全菜食（ヴィーガン）のカフェレストランで、グルテンフリー専門店ではない。メニュー上のGFマーク付き品目のみがグルテンフリーで、店内では小麦含有メニューも扱うためコンタミネーションのリスクあり。セリアックの方は注文時に要確認。,2026-06-24
marbre vegan 新宿御苑本店,marbre vegan,新宿区,東京都新宿区新宿2-1-5 パークサイドスクエア 1F,マルブルストロベリー（いちごショートケーキ／土日限定）; ベイクドチーズケーキ; ガトーショコラ; グルテンフリーマロンプリン; アニマルファミリークッキー,,https://dessa-allergy.com/kaori20241224/,,全品ヴィーガン（乳・卵不使用）のケーキ専門店。ソイフリー・グルテンフリー・アルコールフリー・ナッツフリーにも対応。ただし全メニューがグルテンフリーではなく、たまごサンドなど小麦使用品もあるためメニューのアレルゲン表示を要確認。完全なセリアック対応店ではなく、コンタミは自己判断。,2026-06-24
CONTAINER Cafe&Bar,CONTAINER Cafe&Bar,新宿区,東京都新宿区新宿3-8-5 中川ビル 3F,日替わり・季節限定のグルテンフリーケーキ; 抹茶ブラジルプヂン（プジン）; バスクチーズケーキ; 抹茶プリン,03-6457-7526,http://container-web.net/,,「心と体にやさしさを」をテーマにグルテンフリーのケーキとオーガニックドリンクを提供する喫茶店。スイーツはグルテンフリー・きび砂糖使用。グルテンフリー専門店ではなく食事メニューもあるため、セリアックの方はコンタミに注意。営業時間・定休日は変動するためSNSで要確認。,2026-06-24
Healthy Dining ALMA grande 新宿東口,Healthy Dining ALMA grande,新宿区,東京都新宿区新宿3-14-23 マヤビル 地下1階,ALMA grande特製タコライス; 腸活プレート; パワープレート; グルテンフリー美肌豆乳カルボナーラ; フィッシュ&チップス（グルテンフリー米油使用）; 塩こうじから揚げ,03-5925-8204,https://glutenfree.empacede.co.jp/cafe-gf-tokyo/,,昼はグルテンフリーカフェ、夜はダイニングバー。一部メニューがグルテンフリー（ガイドの評価★★★）で、全メニューGFではない。サンドは全粒粉パンを使用するなど小麦使用品もあるため、セリアックの方は注文時に要確認。コンタミネーションのリスクあり。,2026-06-24
Mr. FARMER 新宿ミロード店,Mr. FARMER Shinjuku Mylord,新宿区,東京都新宿区西新宿1-1-3 小田急新宿ミロード モザイク通り,グルテンフリーメニュー（メニュー上のGF表示品目／サラダ・野菜料理中心）,03-3349-5731,https://un-gluten.com/glutenfree-restaurants-shinjuku/,,野菜中心のおしゃれなレストラン。グルテンフリー対応メニューがあるが専門店ではなく、具体的なGF料理名は情報源で明示されていないため空欄を避け概略のみ記載。小麦使用メニューも提供するためコンタミに注意。価格は高め。,2026-06-24
ル ブルターニュ 神楽坂店,Le Bretagne Kagurazaka,新宿区,東京都新宿区神楽坂4-2,そば粉100%のガレット（各種）,03-3235-3001,https://corporate.yourkins.com/kins_labo/1767/,,1996年開業の日本初のクレープリー。グルテンフリー専門店ではないが、そば粉100%のガレットがグルテンフリーの選択肢として人気。クレープ（小麦）も同店で扱うためコンタミネーションのリスクあり。そばアレルギーの方は不可。,2026-06-24
そらのいろ NIPPON,Soranoiro NIPPON,千代田区,〒100-0005 東京都千代田区丸の内1-9-1 東京駅一番街 B1F 東京ラーメンストリート内,グルテンフリー塩らーめん（島根県雲南市・宮内舎の玄米麺使用、タレ・油・トッピングにも小麦不使用）; ヴィーガン水餃子（皮に米粉使用、グルテンフリー対応可）,,https://soranoiro-vege.com/store-menu/soranoiro-nippon/,,グルテンフリー専門店ではなく、店内では小麦麺も使用。一部メニューのみグルテンフリー。注文時にホールスタッフが小麦アレルギーの有無を確認し、希望すれば茹で釜を別にして対応してくれるが、公式に『コンタミネーションの可能性はございます』と明記されており、セリアック対応とは断言できない。,2026-06-24
Gluten Free T's Kitchen 上野広小路店,Gluten Free T's Kitchen Ueno Hirokoji,千代田区,〒101-0021 東京都千代田区外神田5-3-3,オレンジチキン; 米粉のチキン餃子; ヴィーガンラーメン; アメリカンブレックファースト（パンケーキ・サラダ・ソーセージ・スクランブルエッグ）; フォー; おにぎり,03-5826-4548,https://glutenfree.co.jp/,,小麦・大麦・ライ麦を一切使わないグルテンフリー専門店（アジア初のグルテンフリー認証をうたう）。化学調味料不使用。可能な限りヴィーガン・ベジタリアン・他アレルギーにも対応。ただし公式に『材料によっては同じ工場内で小麦を取り扱っているものもあり』『限られたスペースでの調理のため全アレルギー保証はできない』と明記。モーニング7:00-9:30、ランチ12:00-16:00、ディナー17:00-22:00、水曜のみランチ・ディナー休み。,2026-06-24
CHAYA Macrobiotics（チャヤ ナチュラル&ワイルドテーブル）日比谷シャンテ店,CHAYA Macrobiotics Hibiya Chanter,千代田区,東京都千代田区有楽町1-2-2 日比谷シャンテ B2F,グルテンフリー仕様のベジハンバーグプレート,,https://fruoats.jp/blog/2023/11/03/ginza-glutenfree-cafe/,,国産有機玄米を使い化学調味料・合成着色料・人工甘味料を使わないマクロビオティックのカフェ。グルテンフリー専門店ではなく、グルテンフリー対応メニュー（ベジハンバーグプレートなど）がある。クロスコンタミネーションに関する情報は未確認。営業時間11:00-22:00（L.O.21:00）。,2026-06-24
2foods 銀座ロフト店（トゥーフーズ）,2foods Ginza Loft,中央区,東京都中央区銀座2-4-6 銀座ベルビア館 1階,まるでバターチキンカレー; こく旨オリジナルカレー; レアチーズケーキ; 生食感の濃厚ガトーショコラ; プラントベースショコラサンデー,03-3528-6811,https://r.gnavi.co.jp/d8a5uvv20000/menu1/,,全メニュー動物性不使用のヴィーガン（プラントベース）カフェだが、グルテンフリーは『一部メニューのみ』。バーガーのバンズやドーナツ・クロワッサンは国産小麦・全粒粉使用のためGFではない。ガトーショコラは乳使用製品と同じラインで製造とのコンタミ注記あり。GF商品は甜菜糖使用のスイーツが中心。,2026-06-24
ローズベーカリー 銀座（Rose Bakery）,Rose Bakery Ginza,中央区,東京都中央区銀座6-9-5 ギンザコマツ西館 7F,グルテンフリーのチーズケーキ; グルテンフリーケーキ（小麦粉不使用ケーキ、期間限定で過去販売）,03-5537-5038,https://vegewel.com/ja/restaurant/257,,グルテンフリー専門店ではなく、一部のケーキ・お菓子にグルテンフリー対応がある程度。多くの焼き菓子は小麦使用。過去には期間限定でGFケーキを販売した実績あり（2018年）。同じ厨房で小麦製品を扱うためクロスコンタミの懸念があり、セリアック向けの保証はない。常時GFメニューがあるかは来店時に要確認。,2026-06-24
銀座つぼやきいも,Ginza Tsuboyakiimo,中央区,東京都中央区銀座7-6-4 GINZA7ビル1階,熟成芋（つぼ焼き芋）,03-6263-8773,https://corporate.yourkins.com/kins_labo/1767/,,焼き芋専門店。さつまいもそのものが自然にグルテンフリーで、小麦・砂糖・添加物不使用の自然派おやつとして紹介されている。レストランというより焼き芋のテイクアウト店。明示的な『グルテンフリー認証』店ではないが、提供商品（焼き芋）は本質的に小麦不使用。,2026-06-24
Gluten Free T's Kitchen（グルテンフリー ティーズ キッチン）,Gluten Free T's Kitchen,港区,〒106-0032 東京都港区六本木7-8-5 2階,濃厚やみつきラーメン; ヴィーガンラーメン; 味噌ラーメン; スパイシーテリヤキサンドイッチ; 焼肉ライスプレート; すき焼き; ヴィーガンカレー; カレー; マックアンドチーズパスタ; ポークボロネーゼスパゲッティーニ; 焼きそば; シーフード焼きそば; お好み焼き; 大豆ミートタコライス; 天ぷら; 餃子; 春巻き; チョコレートブラウニー; パンケーキ（ノーマル/ヴィーガン）; フワフワ桜ケーキとアイスクリーム,03-6874-7719,https://glutenfree.co.jp/,,完全グルテンフリー専門店。小麦・大麦・ライ麦を一切使用せず、アジア初のグルテンフリー認証（The Gluten Intolerance Group）を取得。ヴィーガン・ベジタリアン対応あり。ただし公式に注意書きあり：取扱い材料の中には同じ工場内で小麦を扱うものもあり、限られた厨房スペースのため全アレルギーの保証はできないとしている。グルテンフリービールも提供。席数が少ないため予約推奨。,2026-06-24
SINCERE GARDEN CAFE（シンシア・ガーデン カフェ）,Sincere Garden Cafe,港区,〒107-0061 東京都港区北青山3-5-4 青山高野ビル2F,発酵ブッダボウル; 発酵カレー; 発酵玄米とアボカドランチ; リンゴのグルテンフリーパンケーキ; バナナケーキ; ヴィーガン・カヌレ（月・木曜限定）; 米粉の焼菓子各種,03-5775-7375,https://tokyojapan.metro.tokyo.lg.jp/shop/shop-2827/,,発酵をテーマにしたヴィーガン・グルテンフリーのカフェ。販売している焼菓子は国産米粉使用ですべてヴィーガン＆グルテンフリー。1階のサロン突き当りのらせん階段を上がった2階がカフェ。表参道駅から徒歩3〜4分。定休日は毎月1日・水曜。クロスコンタミネーションに関する明記は確認できず、要問い合わせ。,2026-06-24
L for You（エルフォーユー）,L for You,港区,〒107-0062 東京都港区南青山3-9-3 池上ビル1F,美腸プレート（ヴィーガン／ミート選択可）; 大豆ミートとしいたけのプルコギ風炒め; キヌアとビーツとりんごのサラダ; ゴーヤとパプリカのクミンソテー; 雑穀とアボカドのサラダボウル; タコライス; ポーク丼; サンドイッチ; アップルタルト; チョコナッツブラウニー（たまご使用）; 酒粕チーズケーキ; ヴィーガンチーズケーキ; 美腸活弁当ビーガン; 自家製コンブチャ,050-5595-1060,https://www.lforyou.tokyo/store,,「美腸活」をテーマに2017年に南青山でオープンしたカフェ＆グロッサリー。物販商品を含むすべてのメニューがグルテンフリー・白砂糖不使用・無添加。ヴィーガン・アレルギー対応、ハラル対応も可（認証はなし）。AFRODE CLINIC監修。表参道駅から徒歩3〜7分。完全グルテンフリー方針だが厨房のクロスコンタミネーションに関する明記は確認できず。,2026-06-24
米ぷら 浜松町店（こめぷら）,Komepura (Kome Pura),港区,東京都港区海岸1-2-3 汐留芝離宮ビルディング地下1階 浜松町ネオ横丁内,米ぷら定食; 天丼（海老・ナス・レンコン・カボチャなど5種の天ぷら）; 米粉フレーク衣の天ぷら,,https://www.favy.jp/topics/36489,,天ぷら専門店。衣に小麦不使用・米粉100%の「米粉フレーク」を使用し、天つゆや丼たれなどの調味料もグルテンフリー。ハラル認証も取得。シェア型フードホール『浜松町ネオ横丁』内にあり、モバイルオーダー＆キャッシュレス。浜松町駅北口から徒歩約3分、大門駅から徒歩5分。共用の揚げ油・厨房を使うフードホール内のため、重度のセリアック患者はクロスコンタミネーションに注意。営業時間は平日11:00〜15:00、17:00〜22:00。,2026-06-24
Captain Cook Tokyo（キャプテンクック東京）,Captain Cook Tokyo,港区,東京都港区南麻布5-2-37 〒106-0047,自家製グルテンフリーマフィンのエッグベネディクト（ベーコン・アボカド・ポーチドエッグ）; ホットケーキ（ベイクドホットケーキ）; グルテンフリーのパン・トースト; ヴィーガンイングリッシュブレックファースト,03-6277-2308,https://www.captaincook.co.jp/about,,広尾（南麻布）の英国料理専門店。多数のグルテンフリーのパンや料理に加え、ヴィーガン・ベジタリアン向けメニューも提供。一部メニューは小麦（ライ麦パン等）を使用するため、グルテンフリーは限定的（一部GF対応店）。Find Me Gluten Free によれば専用のグルテンフリーメニューは無いとの記載あり。食べログでは閉店表示がある一方、公式サイトおよびYelp（2026年2月時点）では営業中の情報があり、訪問前に営業状況の確認を推奨。,2026-06-24
WE ARE THE FARM 麻布十番（ウィーアーザファーム）,WE ARE THE FARM Azabu Juban,港区,東京都港区麻布十番（南北線麻布十番駅4番出口徒歩約7分）,季節の野菜ランチビュッフェ（15種のサラダ＆デリ）; オーガニックケールのワイルドシーザーサラダ; 農家のケール火鍋; 鉄板焼きバーニャカウダ; 63℃低温調理の地鶏鉄板焼き,03-6447-5510,https://wearethefarm-azabu.com/en_us/,,千葉県佐倉市の自社農園の固定種・無農薬無化学肥料野菜を使った野菜バル／イタリアン。複数のまとめ記事でグルテンフリー対応店として紹介され、野菜中心のメニューが多い。ただし公式サイトに明確な「グルテンフリー」表記や専用GFメニューは確認できず、上記の料理がGFか否かは店舗への確認が必要。一部GF対応とみなすのが妥当で、クロスコンタミネーションについての明記もなし。,2026-06-24
AIN SOPH. Journey 新宿店,AIN SOPH. Journey Shinjuku,新宿区,東京都新宿区新宿3-8-9 新宿Qビル 1F,天上のヴィーガンパンケーキ; グルテンフリージェノベーゼパスタ; ボロネーゼ（グルテンフリーパスタ）; ベジミートのからあげ; グルテンフリーキャラメルナッツブラウニー; グリーンカレー（玄米）,050-5591-0352,https://glutenfree-collection.com/ain-soph-journey-shinjuku/,,完全ヴィーガンのカフェレストラン。店全体がグルテンフリー専門ではなく、メニューにグルテンフリー（GF）マークがついた料理を選ぶ方式。看板はパンケーキとパスタ。セリアック向けの完全対応店ではなく、コンタミネーションの可能性は確認できなかったため、敏感な方は来店時にスタッフへ要確認。新宿三丁目駅C5出口すぐ。,2026-06-24
Healthy Dining ALMA grande 新宿東口店,Healthy Dining ALMA grande (旧店名 KINEEL),新宿区,東京都新宿区新宿3-14-23 マヤビル B1F,ALMA grande特製タコライス（五穀米）; グルテンフリー美肌豆乳カルボナーラ; トマトとモッツァレラパスタ（グルテンフリー）; グルテンフリー担々麺（米粉麺）; 塩こうじから揚げ; フィッシュ&チップス（米油・小麦粉不使用）; 腸活プレート; パワープレート; タコス（コーントルティーヤ）,,https://www.isize.com/hotpepper/Z011/J003648409/,,腸活・健康志向のダイニングバー。複数のグルテンフリー料理を提供するが、サンドは全粒粉パンを使うなど小麦メニューも併存しており完全GF店ではない。昼はグルテンフリーカフェ、夜は貸切・宴会利用。新宿伊勢丹徒歩1分。コンタミは要確認。,2026-06-24
HealthyTOKYO CBD ショップ＆カフェ 新宿マルイ本館,HealthyTOKYO CBD Shop & Cafe Shinjuku Marui Honkan,新宿区,〒160-0022 東京都新宿区新宿3-30-13 新宿マルイ本館 B1F,ヴィーガン・ラザニア（米粉ラザニアシート・大豆ミート）; ヴィーガンキッシュ; CBDモンブランケーキ; 各種マフィン; CBDクッキー; エナジーバー,050-5526-5593,https://healthytokyo.com/ja/locations/healthytokyo-cbd-shop-cafe-shinjuku-marui-honkan/,,100%ヴィーガンのCBDカフェ。フードはすべてヴィーガンで、新宿店メニューのほとんどがグルテンフリー（公式表現は「ほとんど」のため全GFではない）。名物ラザニアは米粉使用でヴィーガン＆グルテンフリー。朝8時オープン。セリアック向けの完全対応表記は確認できず、敏感な方は要確認。,2026-06-24
marbre vegan 新宿御苑本店,marbre vegan,新宿区,東京都新宿区新宿2-1-5 パークサイドスクェア 1F,マロンケーキ; いちごショートケーキ; プレミアムプリン; ティラミス; レモンロールケーキ; グルテンフリーマロンプリン,,https://fruoats.jp/blog/2023/10/26/shinjuku-glutenfree-cafe/,,北海道発の全メニュー乳・卵不使用ヴィーガンケーキ店。グルテンフリーのスイーツが豊富（半分以上がGFとの情報）だが全品GFではなく、グルテンフリー表記のある品を選ぶ必要あり。完全なアレルギー対応店ではなく、コンタミは自己判断との注意書きあり。新宿御苑前駅徒歩1〜2分。,2026-06-24
Pro Labo CAFÉ,Pro Labo CAFE,新宿区,東京都新宿区新宿3-1-22 ADビル 1F,本日のペペロンチーノ,,https://fruoats.jp/blog/2023/10/26/shinjuku-glutenfree-cafe/,,腸にやさしい食材を使ったギルトフリーのカフェ＆レストラン。白砂糖・食品添加物不使用。各メニューにアレルゲン表示があり、グルテンフリーメニューが分かりやすい。完全GF店ではなく一部にGF対応あり。新宿三丁目駅徒歩1分・新宿駅徒歩5分。,2026-06-24
カフェ・ド・フォルテ,Café de Forte,文京区,東京都文京区春日2-14-9 小石川Jフラッツ1階,米粉パンセット; 米粉ワッフルセット; ハヤシライス; ハンバーグプレート; サラダ; ローストビーフ; ビーフシチュー; 三色丼; 盛岡米粉冷めん; 米粉のロールケーキ; 米粉のパンケーキ; ずんだバター米粉パンケーキ（期間限定）; アサイー米粉パンケーキ（期間限定）,03-3868-0430,https://glutenfree.empacede.co.jp/cafe-gf-tokyo/,,米粉を使ったメニューが中心のカフェ。グルテンフリー度は専門ガイドで★★★★。ただし店自身が「アレルギー完全対応ではございません」と明記しており、小麦粉を使用した通常メニューも提供しているため、同一厨房でのクロスコンタミネーションのリスクがある。セリアック病など重度の方はメニューに小麦成分が含まれているか店で要確認。2024年3月オープン。営業時間9:30～15:00（火・水・金）、12:00～17:00（土曜不定期）。,2026-06-24
ビオッサ 春日店,biossa (Kasuga branch),文京区,東京都文京区春日2-10-19,ビオブレッド（米粉食パン）; ベリーフロマージュ（米粉カップケーキ）; 各種グルテンフリー米粉パン,03-3830-0676,https://biossajapan.thebase.in/,,完全グルテンフリーの米粉パン専門ベーカリー。店自身が「真のグルテンフリー、いわば完全グルテンフリーのベーカリー」と謳い、小麦アレルギー・セリアック病・グルテン不耐性の方でも安心して食べられるとしている。最寄りは茗荷谷駅徒歩10分。営業時間10:00～18:00、定休日火曜日。一部商品に乳・卵・大豆・アーモンドなど他のアレルゲンを含むため成分表示の確認を推奨。物販・ベーカリー中心（イートインの有無は要確認）。,2026-06-24
Be green by KIELO COFFEE,Be green by KIELO COFFEE,文京区,東京都文京区本郷4-37-6 メゾンドゥ本郷1階,キャロットケーキ（米粉使用、ヴィーガン）; ウィークエンドシトロン（レモンケーキ）; チーズケーキ（ヴィーガン）; オーツクッキー; 自家焙煎スペシャルティコーヒー（ハンドドリップ）; オーツミルク/アーモンドミルクのラテ,03-5615-9148,https://vegewel.com/ja/restaurant/2095,,自家焙煎スペシャルティコーヒーと、すべてヴィーガン＆グルテンフリーの焼き菓子を提供するカフェ。vegan認証取得店舗。ドリンク・デザートはすべて植物性で、焼き菓子は約6種類（日・季節で変動）。本郷三丁目駅から徒歩約3～5分。営業時間9:00～18:00（平日11～12時頃に休憩することあり）、不定休。重度のセリアック病の場合のクロスコンタミネーション対応については個別確認を推奨。,2026-06-24
Café Oriente,Café Oriente,文京区,東京都文京区小石川5-14-4 1F,グルテンフリーのスイーツメニュー（具体的な品目はメニューにて要確認）; プラントミルクのドリンク,,https://www.city.bunkyo.lg.jp/b038/p007520.html,,多国籍フードとヴィーガン・グルテンフリーのスイーツ、プラントミルクを提供するインターナショナルカフェ（英語・スペイン語・イタリア語・ポルトガル語・日本語の5カ国語対応）。文京区「ぶんきょう食べきり協力店」に掲載。グルテンフリーは一部のスイーツメニューのみで、完全グルテンフリー店ではないため、小麦使用メニューとのクロスコンタミネーションに注意。最寄りは茗荷谷駅。営業時間は平日9:30～17:00、土10:00～17:30、日祝10:00～17:00、定休日金曜日（その他不定休あり）。公式サイト: https://cafeorientetokyo.com/jp,2026-06-24
松竹圓カフェ,Shochiku-en Cafe,台東区,東京都台東区西浅草2-7-6,ヴィーガンハンバーガー（自家燻製大豆肉・グルテンフリーパン・豆乳マヨネーズ）; ヴィーガン＆グルテンフリーピザ（国産米粉の自家製生地）; レインボーケーキ（秋田県産玄米粉使用）; ストロベリーショートケーキ（秋田県産玄米粉使用）; プレミアムチョコレートケーキ; チョコレートムースケーキ,03-6802-8355,https://sho-chiku-en.com/,,公式サイトによれば全メニューがヴィーガンかつグルテンフリーで、キッチンも完全グルテンフリーと明記。完全グルテンフリー店であり、交差汚染リスクは低いとされる。営業時間・定休日は情報源により差異があるため来店前に確認推奨。,2026-06-24
まるごとVeganダイニング浅草,Marugoto Vegan Dining Asakusa,台東区,,ヴィーガンプレートのランチセット; 丼物; カレー; フォカッチャバーガー,,https://dining.marugotovegan.com/,,公式サイトによると店内提供の料理すべてがグルテンフリー・五葷食材不使用・アルコール不使用。旧店名はTHE FARM CAFE。具体的な住所・電話番号は確認できなかったため空欄。セリアック対応可否や交差汚染に関する明記は確認できず、来店前に直接確認を推奨。,2026-06-24
アトミヨソワカ 蔵前,Atomiyosowaka Kuramae,台東区,東京都台東区蔵前4-17-4,ブランチプレート（グリーンサラダ＋デリ3〜4種＋季節のディッピングソース＋主食）; 米粉ベーグル（蔵前店ブランチプレート限定）; バナナブレッド; キャロットスパイスケーキ; コーンブレッド; オリジナルドーナツ（おからと米粉）; マフィン; クッキー; 豆乳ベースのカフェラテ,070-5559-7193,https://shopblog.dmdepart.jp/ueno/uenogasuki/article/detail/?cd=000974,,大阪発のヴィーガン＆グルテンフリー専門店の2号店。2025年4月末オープン。全メニューが小麦・卵・乳製品・白砂糖不使用で、四万十川源流の米粉等を使用。焼き菓子専門店のため交差汚染リスクは低いとみられるが、セリアック対応の明記は確認できず。営業時間：月・木・金9:00〜16:00／土・日・祝9:00〜17:00、定休日：火・水（情報源により若干の差異あり）。,2026-06-24
WAKAN CAFE 無花果,Wakan Cafe Ichijiku,台東区,,薬膳カレー（甘口・中辛・辛口）; 薬膳タコライス; 薬膳夏野菜のキーマカレー（寝かせ玄米）; 米粉のパウンドケーキ（ベリーとクリームチーズ）,,https://wakan1149.com/,,元薬剤師が作る薬膳カレーの店。蔵前に所在（旧店名：和漢デリ無花果、東日本橋／両国から移転）。看板の薬膳カレーはグルテンフリーと複数の情報源で紹介されている。完全グルテンフリー店かどうか、交差汚染対応の明記は確認できず。番地レベルの正確な住所・電話番号は確認できなかったため空欄。,2026-06-24
結わえる 本店,YUWAERU Honten,台東区,,寝かせ玄米定食（箱膳定食）; ハレ箱膳定食; 結わえる御膳,,https://www.yuwaeru.co.jp/honten,,蔵前の寝かせ玄米（酵素玄米）定食の人気店で、ヴィーガン・グルテンフリー系の食生活ブログでも玄米メニューが紹介されている。グルテンフリー専門店ではなく、夜は酒場として季節料理・日本酒等も提供。おかずに醤油・味噌等の発酵調味料を使用するため小麦由来成分が含まれる料理がある可能性があり、セリアックの方は個別確認が必要。正確な番地・電話番号は確認できなかったため空欄。,2026-06-24
Kaokoi Curry（浅草 Gypsies Cafe 間借り）,Kaokoi Curry (at Gypsies Cafe),台東区,東京都台東区西浅草2-23-10 第2島谷ビル 2F,スパイスカレー（国産食材中心・グルテンフリー・無添加）,,https://www.favy.jp/topics/32967,,浅草Gypsies Cafe内で間借り営業するカレー店。カレーはグルテンフリー・無添加・油控えめと紹介されている。間借り営業のため営業日が限られ、共用キッチンを使用するため交差汚染の可能性がある。完全グルテンフリー店ではない。電話番号は確認できなかったため空欄。,2026-06-24
SASAYA CAFE（ささやカフェ）,SASAYA CAFE,墨田区,東京都墨田区横川1-1-10（〒130-0003）,ヴィーガンソフトクリーム（チョコバナナパフェ：グルテンフリーのチョコ／ココアスポンジ使用）; 苺のパフェ（グルテンフリーのココアスポンジ使用）,03-3623-6341,https://vegewel.com/ja/restaurant/869,,全メニューがヴィーガンの大横川親水公園沿いのカフェ。店全体がグルテンフリー専門ではなく、一部メニュー（パフェのスポンジ等）がグルテンフリー。スコーンやマフィン等の焼き菓子は小麦使用のため、グルテンフリー対応品は限定的。取材時点では『今後グルテンフリー対応を考えていきたい』との段階で、セリアック対応の専門店ではない。同一キッチンで小麦含む商品も製造しているため交差汚染（コンタミ）の懸念あり。利用前に各メニューの可否を要確認。,2026-06-24
ぱん処りべいく,Pandokoro Rebake,墨田区,東京都墨田区八広1-2-10,米粉100%パン（各種）; アレルギー28品目不使用のパン; ヴィーガン対応の米粉パン; 米粉の焼き菓子,,https://www.sumida-note.com/gourmet/rebake-bakery/,,通販・廃棄ロス削減サービスrebakeが運営する実店舗で、京成曳舟駅近く。全国のパン屋から取り寄せたグルテンフリーの米粉パン（冷凍）を販売。商品はグルテンフリー中心だが、複数の生産者から取り寄せた商品のため各商品のアレルゲン表示を要確認。イートインではなく主に販売（テイクアウト/事前予約）形態。営業日は月・水・木・金、10:00-18:00。住所表記は情報源により八広1-2-10。,2026-06-24
カフェ アムリタ,Cafe Amrita,墨田区,東京都墨田区押上1-22-3,グルテンフリースイーツ,070-5459-3039,https://cafeamrita.favy.jp/menus/99643,,押上のカフェで『グルテンフリースイーツ』のメニュー掲載を確認。具体的なスイーツの品目までは情報源で特定できなかった。グルテンフリー専門店ではなく一部メニューのみグルテンフリーと思われる。交差汚染の有無は不明のため、セリアック対応が必要な場合は事前に店舗へ要確認。,2026-06-24
POSH（ポッシュ）,POSH,江東区,東京都江東区常盤1-3-7 ラフィーヴィル清澄白河EAST 1F,旬のフルーツを使ったロータルト（常時4〜5種類、キウイ・マンゴー・バナナ等）; グルテンフリー＆ヴィーガンクッキー; 米粉ベーグル,03-6659-6922,https://posh-tea.jp/,,ロースイーツ専門のアトリエ兼カフェ。小麦・乳製品・卵・大豆・白砂糖・添加物すべて不使用で、全商品がグルテンフリー＆ヴィーガン。タルトは48℃以下の低温調理。清澄白河エリアにあり、姉妹店TUTTOが同じ建物内（EAST 2）にある。営業時間・定休日は情報源により10:00〜18:00または19:00、定休日が月曜とされる例あり。コンタミに関する明記は確認できず。,2026-06-24
TUTTO 清澄白河（トゥット）,TUTTO Kiyosumi-Shirakawa,江東区,東京都江東区常盤1-3-7 ラフィーヴィル清澄白河EAST 2,ヴィーガンクレープ（タピオカ粉・玄米粉/米粉・コーンスターチ・チアシード・豆乳・メープル使用、グルテン＆白砂糖フリー）; 米粉のワッフルコーン（アーモンドプードルと米粉使用）; 定番ヴィーガンジェラート全12種（アーモンドミルク、ブロンテピスタチオ、ヘーゼルナッツチョコレート、八女玉露抹茶、黒胡麻きなこ等）; 飲むジェラート BELATO（ベラート）,,https://tuttojapan.com/pages/our-shop,,プラントベースのクラフトヴィーガンジェラート専門店。乳・卵・白砂糖不使用。ジェラートはアーモンドミルクベース。クレープとワッフルコーンが明確にグルテンフリー仕様。ジェラート自体のグルテンフリーは確認できる範囲では原材料に小麦記載なしだが、店として完全グルテンフリー（セリアック対応）を保証する記載は確認できず。問い合わせはメール（info@tuttojapan.com）。,2026-06-24
B TO GO（ビートゥーゴー）,B TO GO,江東区,東京都江東区高橋14-2,ベジプレート（季節野菜デリ・プラントベースデリ・発酵玄米・サラダ・お豆類）; レモングラスとバジルのグリーンカレー; カシューナッツのビーガンチーズケーキ; ナッツバー; チアシードのココナツプリン; キャロットケーキ,03-6659-2714,https://b-togo.com/,,薬剤師オーナーによるビーガン＆グルテンフリーカフェ。スイーツはすべてグルテンフリー＆ヴィーガンで手作り。アレルギーや食制限がある場合は事前連絡で可能な限り対応とのこと。営業時間は情報源により差異あり（水〜土10:00〜17:00、金は夜も営業など）。完全グルテンフリー店としてのセリアック安全性の明記は確認できず。,2026-06-24
FruOats FACTORY（フルオーツファクトリー）,FruOats FACTORY,江東区,東京都江東区扇橋1丁目12-20,オートミール×おからのグルテンフリークッキー（ストロベリーピスタチオ、マンゴーココナッツ、イチジクアーモンド、アップルシナモン、オレンジチョコレート）; コーヒー; オーガニックフルーツジュース,,https://shop.fruoats.jp/,,クッキー工場兼直売所。卵・バター・小麦粉・白砂糖不使用で全商品が植物由来・ヴィーガン認証取得・グルテンフリー。ただし公式の注意書きとして「本品製造工場では小麦を含む製品を生産しています」「オレンジチョコレートの有機チョコは乳を含む製品と同じ製造現場」とのコンタミ注意あり。営業時間は情報源により『火〜土 11:00〜17:00』または『水曜除く11:00〜17:00』と差異あり。,2026-06-24
SoiCafe（旧 すてきなごちそうCAFE-Soi-）,SoiCafe,江東区,,グルテンフリーの焼き菓子,,https://prtimes.jp/main/html/rd/p/000000006.000129671.html,,2024年2月開業の温泉豆乳ヘルシーベーカリーカフェ（清澄白河・木場公園前、江東区内）。提供の中心はベーグル（塩麹チキン、サーモンクリームチーズ等）やフレンチトーストで、これらは小麦使用のため非グルテンフリー。グルテンフリーは『焼き菓子』のみと案内されており、具体的な品目名は確認できず。完全グルテンフリー店ではなく、店内で小麦を扱うためコンタミの可能性が高い。正確な番地・電話番号は今回の検索では確認できず。,2026-06-24
Lucita（ルシータ）,Lucita,品川区,東京都品川区戸越6-7-16,焼きシフォン; 米粉パンプレート; チキン南蛮; ハンバーグ; 米粉パン（テイクアウト）; 米粉シフォン（テイクアウト）; 米粉ベーグル（テイクアウト）,,https://glutenfree.empacede.co.jp/cafe-gf-tokyo/,,戸越公園駅から徒歩3分。2024年9月オープンのグルテンフリーカフェ。店主は以前から小麦粉を使わないグルテンフリーの焼き菓子やサンドイッチを製造・卸していた。ほとんどのメニューがグルテンフリーで、フードはグルテンフリーとされる。ネイルサロン併設。クロスコンタミネーションについての明記は確認できず、セリアック病対応かは要店舗確認。営業時間11:30〜17:00（金・土は22時まで）、月・火定休。,2026-06-24
グルテンフリー田んぼのパン工房 米魂,Gluten-free Tanbo no Pan Kobo Beicon,品川区,東京都品川区戸越2-6-3,米粉100%のグルテンフリーパン; 米粉のグルテンフリーシフォンケーキ（プレーン）; シフォンケーキ（紅茶）; シフォンケーキ（チョコ）; シフォンケーキ（ストロベリー&抹茶）; シフォンケーキ（カフェモカ）; キューブ プレーン; キューブ イタリアンハーブ; キューブ フィグ&アールグレイ; おやき（野沢菜）; おやき（きんぴら）; おやき（角煮）; 米粉のサクサククッキー,03-3787-4776,https://shinagawa-kanko.or.jp/featured/pan/,,戸越銀座商店街にある米粉パン専門店。米粉100%のグルテンフリーパンと、米粉80%:小麦20%のグルテン入りパンの両方を販売しているため、完全グルテンフリー店ではない。グルテンフリー対応か色分け表示で分かりやすくしている。ただし公式Instagramによると小麦を含む製品も同じ工房内で製造しているため、交差汚染（クロスコンタミネーション）の懸念があり、重度のセリアック病の方は要注意。営業時間9:00〜19:30または10:00〜20:00（情報源により差異あり）、木曜定休。,2026-06-24
グルテンフリー米粉カフェ きんのほ,Gluten-free Komeko Cafe Kinnoho (KINNOHO),品川区,東京都品川区小山3-2-6,米粉パン詰め合わせ; 米粉パン; 米粉6色タイルクッキー; 米粉クッキー; 米粉100%マフィン,03-3713-8341,https://glutenfree.empacede.co.jp/bakery-gf/,,武蔵小山駅西口から徒歩約1分。店内の商品（焼き菓子・パン）はすべて国産米の米粉から作られたグルテンフリーとされ、増粘剤・保存料・乳化剤・ドライイースト・白砂糖・マーガリンも不使用。営業時間11:00〜20:00、火曜定休。なお食べログでは営業状況が未確認（休業・移転・閉店の可能性）との表示もあるため、来店前に営業状況の確認を推奨。,2026-06-24
FOOD HOLIDAY（フードホリデー）,FOOD HOLIDAY,品川区,東京都品川区大井1-23-7 アルテール大井町1F,グルテンフリー・白砂糖不使用のアールグレイとクルミのパウンドケーキ; ブッダボウル; サラダボウル（デリ3種）; 旬野菜のスパニッシュオムレツ; アボカドエッグ; イベリコ豚の冷しゃぶサラダ; 2種類の豆を使ったスパイスカレーセット,03-6410-7117,https://shinagawa.keizai.biz/headline/4103/,,大井町駅から徒歩約1分のデリカテッセン。野菜中心のデリを提供し、ビーガン・ベジタリアン・グルテンフリーに対応すると報じられている。完全グルテンフリー店ではなく一部のメニューがグルテンフリー対応。メニューは仕入れ状況により日替わりで変わる。グルテンフリー商品のうち具体的に明記が確認できたのはアールグレイとクルミのパウンドケーキ。その他のデリのGF対応可否やクロスコンタミネーションは店舗での確認を推奨。営業時間 月〜土11:00〜21:00前後／日11:00〜17:00（情報源により差異あり）、不定休。,2026-06-24
ペドラブランカ 戸越銀座店,Pedra Branca (Togoshi Ginza),品川区,東京都品川区平塚2-14-8 1F,米粉100%のグルテンフリーホットケーキ（焼き立てホットケーキ）,,https://pedrabranca-cafe.com/,,新潟県産米粉100%を使ったグルテンフリーのホットケーキが看板商品。保存料・香料・着色料不使用、ベーキングパウダーも使わない完全無添加、はちみつ不使用。スペシャルティコーヒーも提供。営業時間8:00〜20:00（月曜は10:00〜20:00）、焼き立てホットケーキは10:00〜17:00。戸越公園店（製造工房・テイクアウト：品川区戸越4-8-6）もある。クロスコンタミネーションやセリアック対応については店舗での確認を推奨。,2026-06-24
& OIMO TOKYO CAFE 中目黒店,& OIMO TOKYO CAFE Nakameguro,目黒区,東京都目黒区青葉台1-14-4 CONTRAL nakameguro 1F,蜜芋バスクチーズケーキ; 蜜芋モンブラン; 林檎とゴルゴンゾーラの蜜芋パウンドケーキ; やまえ栗の蜜芋パウンドケーキ; 蜜芋抹茶テリーヌショコラ; 蜜芋プリンソフト; こぼれ蜜芋モンブランパフェ; ベーコンとポルチーニ茸の蜜芋キッシュ（グルテンフリー生地）; ゴルゴンゾーラの蜜芋ニョッキ（米粉・タピオカ粉使用）; 季節の新鮮野菜とさつまいものスパイシーバターチキンカレー（十六雑穀米）; さつまいも2種のふわふわパンケーキ; 蜜芋プリンアラモード; 桜舞う蜜芋モンブランパンケーキ; 桜色のヨーグルトアサイーボウル（米粉グラノーラ）,03-6416-4908,https://www.tablecheck.com/ja/and-oimo-tokyo,,ザ・ペニンシュラ東京に本店を構える熟成蜜芋スイーツ専門店の旗艦カフェ。スイーツはすべてグルテンフリー・ショートニング/上白糖不使用で、食事メニュー（キッシュ、ニョッキ、カレー等）もグルテンフリー対応。専用GFキッチンの記載はなく、セリアック向けの完全分離・クロスコンタミ対策の明記は確認できなかったため、重篤なアレルギーの方は事前確認推奨。完全キャッシュレス。営業時間は月〜金9:00-18:00、土日祝9:00-19:00。,2026-06-24
Sweets さつき,Sweets Satsuki,目黒区,東京都目黒区碑文谷1-21-14,シュークリーム; さつきのショートケーキ; 明日葉SOYロール（ロールケーキ）; 米粉100%のケーキ各種; 焼き菓子各種; 卵・乳成分不使用の大豆スイーツ; デコレーション/記念日ケーキ（要予約）,03-3760-0478,https://www.city.meguro.tokyo.jp/sangyoukeizai/shigoto/sangyou/sweets_satsuki.html,,2009年開業、2010年より米粉スイーツ専門店に。生菓子・焼き菓子はすべて米粉100%・小麦粉不使用で、約7年前から完全グルテンフリー（パンの取扱いをやめた経緯あり）。ただし公式サイトによれば同じ製造場で卵・乳成分を使用した商品も作っているため、乳・卵アレルギーの方は要注意。営業時間10:00-18:00、定休日 火・水・木（祝日営業）。学芸大学駅または西小山駅から徒歩約15分。,2026-06-24
レインボーバードランデヴー,Rainbow Bird Rendezvous,目黒区,東京都目黒区祐天寺1-1-1 リベルタ祐天寺1階,ハンバーグプレート（大豆ハンバーグ／グルテンフリー）; 自家製ソフトクリーム（乳・卵・白砂糖不使用、ナッツミルクベース）,,https://www.favy.jp/topics/29279,,2007年オープンの100%ヴィーガンカフェ。全メニューがGFではなく、各メニューに「LG（グルテンが少ない）」等の表示があり選んで注文できる方式。例えば大豆のハンバーグはグルテンフリーだが、ヴィーガンバーガーのバンズは天然酵母パン（小麦）を使用。GF表示は『LG=グルテンが少ない』であり完全GF/セリアック対応店ではない点に注意。テイクアウト・デリバリーあり。,2026-06-24
Ballon（バロン）,Ballon,目黒区,東京都目黒区中目黒3-2-19 ラミアール中目黒104,グルテンフリーのグラノーラ（ソフトクリームのトッピング）; 植物性100%ヴィーガンソフトクリーム（豆乳・甘酒・アガベシロップ）,03-3712-0087,https://jonan.i-nest.co.jp/5993/,,ヴィーガンのファラフェル＆アイスクリーム専門店。グルテンフリー専門店ではなく、GFはソフトクリームのトッピングのグラノーラなど一部のみ。ファラフェルサンドはピタパン（小麦）を使用するため、GF希望の場合は要確認。クロスコンタミ対策の明記なし。,2026-06-24
MILLER CAKE STORE,Miller Cake Store,目黒区,,米粉のケーキ各種; 米粉の焼き菓子; 米粉のシナモンロール（試作・販売状況により変動）,,https://www.miller-cake-store.com,,2020年8月に中目黒にオープンしたテイクアウト＆ネット販売専門店。米粉使用の完全グルテンフリースイーツ・焼き菓子で、添加物・白砂糖・保存料・着色料不使用。イートインではなくテイクアウト/通販中心。中目黒の正確な番地は今回の検索では確認できなかったため住所は空欄（公式サイト/Instagramで要確認）。,2026-06-24
IYOTO（いよと）,IYOTO,目黒区,,米粉パン各種; 米粉スイーツ各種,,https://iyoto.jp/product,,目黒区の米粉パン・米粉スイーツ専門店。国産米「あさひの夢」100%を使用し、商品はすべてグルテンフリー、かつサイリウムハスク不使用のため小麦アレルギーやサイリウムが合わない方にも対応。営業時間 平日10:00-19:00／土日祝10:00-18:00。具体的な番地は今回の検索では取得できず住所は空欄（公式サイトで要確認）。物販中心。,2026-06-24
Nanala（ナナラ）,Nanala,大田区,東京都大田区鵜の木2-48-4（ランスアン内）,米粉のピザ; 米粉パンのクラブハウスサンド; 米粉のパニーニ; 米粉のフレンチトースト; 自家製スープ; オーガニック野菜のサラダ; 豆乳シフォンケーキ; マフィン; どうぶつ型のクッキー; 焼き菓子,,https://otakushoren.com/gourmet/138639,,米粉のお菓子・パンを作るグルテンフリー専門店。小麦粉・白砂糖・保存料・着色料不使用、オーガニック食材を積極使用、ビーガン対応。営業は毎週月曜日のみ（10:00〜18:00、ランチ11:30〜14:00）と限定的。完全グルテンフリーの店だが、交差汚染に関する明示的な記載は確認できず。,2026-06-24
second（セカンド）,second,大田区,東京都大田区西蒲田1-2-12 カマタブリッヂ103,からあげ定食（国産鶏もも肉の塩麹漬け唐揚げ＋日替りデリ2種）; デリ定食（日替りデリ7種）; 雑穀米ごはん; 自家製ぬか漬けなどの漬物; 味噌汁,,https://otakushoren.com/feature/149213,,「たっぷりお野菜 ゆるっと発酵」がコンセプト。メニューは全てグルテンフリーと取材記事に記載。JR蒲田駅西口から徒歩12分。営業：木〜日11:30〜22:00（L.O.21:00）、定休日：月火水。交差汚染に関する明示的記載は確認できず。,2026-06-24
YOICHI（ヨイチ）,YOICHI,大田区,東京都大田区東糀谷4-10-22,オリジナルスパイスカレー（ワンプレート、季節の野菜サラダ付き）,,https://otakushoren.com/feature/149213,,築70年の木造家屋をリノベーションした店。グルテンフリーのオリジナルスパイスカレーを沖縄の伝統皿で提供。手作りスイーツやドリンクもあり。京急空港線大鳥居駅より徒歩6分。営業：金土日11:00〜14:30、定休日：月〜木。カレーがGFと記載されているが店舗全体が完全GFかは確認できず、交差汚染に関する記載もなし。,2026-06-24
Edo café（エドカフェ）,Edo café,大田区,東京都大田区田園調布本町45-3,江戸パン（米粉100%のグルテンフリーパン）; ノンオイル米粉シフォンケーキ; グルテンフリーチーズケーキ,,https://otakushoren.com/feature/159189,,園芸店の一画にあるカフェ。米粉100%・グルテンフリーの「江戸パン」のほか、米粉シフォンやGFチーズケーキを提供。オーガニック・無添加素材にこだわる。東急多摩川線多摩川駅・沼部駅から徒歩10分。営業：金・土・日 10:30〜17:00（L.O.16:00）。店舗全体が完全GFかは不明で、一部GFアイテム提供の位置づけ。交差汚染の記載なし。,2026-06-24
Belle Couleur（ベル・クルール）,Belle Couleur,大田区,東京都大田区大森北6-27-15,平和島チーズケーキ（バスク風チーズケーキ、税込300円）,,https://unique-ota.city.ota.tokyo.jp/charm/gourmet/pickup-202508-01/,,洋食メニューが評判のカフェだが、名物の「平和島チーズケーキ」がグルテンフリースイーツとして紹介されている。店舗前の自販機でも購入可。営業（カフェ）：ランチ11:30〜15:30（L.O.15:00）、ディナーは予約のみ、定休日不定休。店舗全体は通常の洋食店であり、GFはチーズケーキ等の一部のみ。交差汚染に関する記載なし（一般の洋食キッチンと共用と推測されるため要注意）。,2026-06-24
T.SWEETS.LABO.（ティースイーツラボ）,T.SWEETS.LABO.,大田区,東京都大田区上池台1-21-3 グラン北澤1F,極醸ふろまーじゅ（糀甘酒チーズケーキ）; 米粉のバターサンド（税込540円）; とろとろプリン; 米粉のロールケーキ; 米粉のビスケット; オーガニックチョコレートのガトーショコラ; 米粉クレープ（連休限定）; かき氷（夏期）,03-6425-8767,https://otakushoren.com/gourmet/106758,,小麦粉・白砂糖・添加物を一切使わない完全グルテンフリーのスイーツ工房。糀甘酒・国産米粉など和の発酵食材を使用。基本は通販と毎週日曜・祝日の店頭販売（「にちようびのぷりん屋さん」12:00〜18:00、売切れ次第終了）、平日は予約販売。定休日：水。工房自体がGF専業のため交差汚染リスクは低いと考えられるが、明示的記載はなし。,2026-06-24
wagashi asobi（ワガシアソビ）,wagashi asobi,大田区,東京都大田区上池台1-16-2,"ドライフルーツの羊羹（北海道産小豆の餡＋黒糖＋ラム酒、苺・無花果・胡桃入り、1棹税込2,500円）; ハーブのらくがん（店頭販売のみ）",03-3748-3539,https://otakushoren.com/gourmet/105434,,2人の和菓子職人による創作和菓子ユニットのアトリエ店。主力商品「ドライフルーツの羊羹」は小麦を使わない和菓子で、グルテンフリースイーツ特集で紹介されている。東急池上線長原駅近く。営業：10:00〜17:00、定休日：日曜不定休。和菓子店であり店として「グルテンフリー対応」を公式に掲げているわけではない点に留意。住所は資料間で一部相違あり（るるぶでは北馬込2-31-6と記載）。交差汚染の記載なし。,2026-06-24
Comme'N GLUTEN FREE（コム・ン グルテンフリー）,Comme'N GLUTEN FREE,世田谷区,〒158-0083 東京都世田谷区奥沢7-19-12,"カスタムサンドウィッチ（パン・具材・ソースを選ぶ、10,000通り以上）; たまごサンド; ジャンボン・ブール; バゲット; メロンパン; あんぱん; クリームパン; クロックムッシュ; ミルクフランス; カヌレ; シフォンケーキ; スコーン（プレーン・チョコ・抹茶）; スムージー",03-6432-3514,https://commen-gf.jp/,,完全グルテンフリー専門店。パン世界大会で日本人初優勝した大澤秀一シェフが手がけ、小麦アレルギー経験者のスタッフの声から生まれた。パン・具材・ソースすべてがグルテンフリー仕様で、小麦を一切使用しないと公式に明記。営業時間・定休日は情報源により差があり（7:00～18:00／火・水休、または10:00～17:00／無休との記載）、訪問前に確認推奨。,2026-06-24
グルテンフリーカフェ タマクーヘン,Gluten Free Cafe Tamakuchen,世田谷区,〒158-0094 東京都世田谷区玉川3-20-1 名川ビル1F,バームクーヘン（国産有機玄米全粒粉100%・無添加）; ニコパン（高級食パン／小麦・乳・卵不使用）; トースト; 焼き菓子; アールグレイチーズケーキ; ソフトクリーム; デザート各種,03-6805-7443,https://tamcafe.jp/,,二子玉川のグルテンフリー専門カフェ。2018年4月オープン。バームクーヘンは国産有機玄米全粒粉100%使用で小麦粉・ベーキングパウダー・ショートニング不使用。店内でトーストやデザートを飲食可、テイクアウトも可能。別途「世田谷ファクトリー（世田谷区鎌田4-6-11、TEL 03-3415-0233）」あり。完全グルテンフリーをうたうが、交差汚染に関する具体的な明記は確認できず。営業時間 平日10:00～18:00、土日祝10:00～19:00、定休日12/30～1/3。,2026-06-24
洋菓子店とコーヒー シモキタシマイ,Patisserie & Coffee Shimokitashimai,世田谷区,東京都世田谷区代沢4-15-2,ベイクドチーズケーキ; レアチーズケーキ; シフォンケーキ; ガトーショコラ; コーヒーブレイクケーキ; ラムチョコレートケーキ; いちじくと自家製キャラメルのバターケーキ; 抹茶と大納言のバターケーキ; レモンバターケーキ; 紅茶とプルーンのバターケーキ; フィナンシェ; 各種クッキー（ディアマン・ガレットサブレ等）,,https://sis902243.owndshop.com/,,下北沢・三軒茶屋が最寄りの姉妹経営の洋菓子店＆カフェ。焼き菓子・ケーキはグルテンフリーで、北海道産米粉を使用し白砂糖・香料・保存料・添加物不使用。テイクアウト・デリバリーも可。デリバリー（menu）の表記では別住所「三軒茶屋2-11-26 コア第2ビル1F」も見られるため、店舗所在地は訪問前に確認推奨。定休日は日〜水曜（情報源による）。交差汚染に関する明記は確認できず。,2026-06-24
CAFE CURE NATURA（カフェ キュア ナチュラ）,CAFE CURE NATURA,世田谷区,東京都世田谷区駒沢4-1-22 JCS駒沢ビル2F,米粉グルテンフリーパンケーキ（京都丹波産米粉＋オーガニックオートミール、甜菜糖使用）; 季節限定スペシャルパンケーキ（塩キャラメルと豆腐甘酒バナナアイス等）; みたらし団子パンケーキ; 酵素玄米のヘルシーランチプレート; 薬膳カレー（味噌ベース）; ヘルシーおから春巻きプレート,03-6453-2750,https://vegewel.com/ja/style/cafecurenatura,,薬剤師のオーナーが全メニューを監修するオーガニックカフェ。駒沢公園近く。グルテンフリーかつ90%ヴィーガン対応で、化学調味料・白砂糖・人工甘味料・農薬・トランス脂肪酸不使用。パンケーキは米粉ベース。完全グルテンフリー専門店ではなく健康志向メニュー中心。住所は情報源により「駒沢4-1-22」「駒沢5丁目23番付近」等の表記揺れあり。交差汚染に関する明記は確認できず。,2026-06-24
GLUTEN FREE CAFE avan 渋谷本店,Gluten Free Cafe avan Shibuya Honten,渋谷区,東京都渋谷区神泉町1-20 松濤ビル 1F,米粉チュロス（14種類）; キャラメルアップルチュロス; 米粉パスタ; タコライス; 自家製からあげプレート; 米粉フィナンシェ; 米粉バウムクーヘン; 米粉マドレーヌ; グルテンフリーアフタヌーンティー; モーニングチュロス,03-6416-1856,https://the-ayumi.jp/2022/08/31/glutenfree-avan-shibuya/,,小麦・乳製品・白砂糖不使用の100%（完全）グルテンフリー専門カフェ。山形県庄内産の米粉（はえぬき）と米油を使用。神泉駅徒歩3分／渋谷駅徒歩12〜15分。交差汚染に関する具体的記載は確認できず。,2026-06-24
BiOcafe,BiOcafe,渋谷区,東京都渋谷区宇田川町16-14 パティオビル,グルテンフリーバーガー（ベジバーガー）; グルテンフリー唐揚げ; 月替わりグルテンフリーランチ; 無農薬野菜サラダバー; マクロビスイーツ,,https://biocafe.jp/,,無農薬・無化学肥料野菜を使うオーガニックカフェレストラン。グルテンフリー、マクロビ、ヴィーガン、ベジタリアン対応メニューを提供。完全グルテンフリー店ではなく一部メニューがグルテンフリー。交差汚染に関する記載は確認できず。,2026-06-24
グルテンフリースイーツ専門店 NachuRa Yoyogi park 本店,Gluten-Free Sweets Senmon Ten NachuRa Yoyogi park,渋谷区,東京都渋谷区富ヶ谷1-17-7 第二山栄ビル 1F,ピスタチオのシュークリーム; 北海道産素材のチーズケーキ（バスクチーズケーキ）; ザクザクチョコレートクッキー; 自然派ほろほろココナッツクッキー; 身体に優しいヴィーガンビスケット; フィナンシェ,070-4680-4217,https://tomigaya-shinbun.com/natura.html/,,小麦粉・白砂糖不使用のグルテンフリースイーツ専門パティスリー兼カフェ（元南青山）。一部焼き菓子はヴィーガン対応。月曜定休（祝日の場合翌日）。代々木公園駅徒歩4分。交差汚染に関する具体記載は確認できず。,2026-06-24
ON田cafe,Onden Cafe,渋谷区,東京都渋谷区神宮前,サラダランチプレート（米粉パン・素焼きピザ付き）; 一膳のピザ（米粉）; トマトソースのピザ; しらすとネギの和風ピザ,,https://ubeaute.jp/food/article7672/,,米粉を主体にした無添加・手作りのグルテンフリーカフェ。グルテンアレルギーの人や子どもも安心して食べられると紹介されている。番地までの正確な住所は出典で確認できなかったため番地は空欄。情報源は2020年の記事で、現在の営業状況は未確認のため訪問前確認推奨。,2026-06-24
FLUX CAFE,FLUX CAFE,渋谷区,,おばんざいセット（選べる3種のおばんざい・ごはん・豚汁・香の物）; 女将の朝ごはん; 豚汁セット,,https://ubeaute.jp/food/article7672/,,「限りなくグルテンフリーに近いおばんざい」と「アスリート飯」をコンセプトにした和食店（渋谷駅徒歩約10分、代官山方面）。完全グルテンフリーではなく“限りなく近い”という表現で、玄米変更も可能。正確な住所・電話は出典で確認できず空欄。情報源は2020年の記事で現在の営業状況は未確認のため訪問前確認推奨。,2026-06-24
WAHA（ワーハ）,WAHA,中野区,東京都中野区中央2-57-7（古民家カフェ「モモガルテン」内）,本日のサラディッシュ（日替わり野菜プレート）; 玄米おにぎり; 茄子バーグ＆香味トマトソース; グルテンフリーの焼き菓子・おやつ,03-5386-6838,https://vegewel.com/ja/restaurant/1923,,ヴィーガン＆グルテンフリーの店。全食材が植物性素材のみで、化学調味料無添加・グルテンフリーと明記されている（Vegewel）。小麦粉・卵・白砂糖・バター・乳製品不使用。メニュー全体がグルテンフリー寄りでアレルギーのある人も楽しめるとされるが、セリアック向けの完全な交差汚染対策の明記は確認できず。月火水のみ12:00〜18:00営業、現金のみ。中野坂上駅から徒歩約12分。,2026-06-24
Spices Curry Synergy 中野店（スパイスカレー シナジー）,Spices Curry Synergy Nakano,中野区,東京都中野区中野5-59-6 KSビル2F（中野サンモール商店街内）,チキンカレー; ポークジンジャーカレー; 鯖＆アカモクキーマカレー; あいがけカレー（卵＆ジョロキアキーマ）,,https://www.wetable.jp/ja/restaurants/ad558004-5aa0-43e1-b20c-b9db10af9bb1,,「医食同源×グルテンフリー」をテーマにした大阪発の薬膳スパイスカレー店（ミシュランビブグルマン3年連続）。全メニューがグルテンフリーと案内されている。店員はアレルギーについて丁寧に確認し、醤油も使っていないチキンカレーが最も安心とのこと。完全キャッシュレス。中野駅北口から徒歩2分。営業時間は情報源により差があり（11時〜15時／日曜定休など）要確認。,2026-06-24
una camera livera（こめパンカフェ）,Una Camera Livera (Kome Pan Cafe),中野区,東京都中野区中野2-12-5 メゾンリラ101,米粉バゲットサンド（フムス・ケール・ラペ）; 鶏コンフィの米粉バゲットサンド; ポテトとたまごのサラダのサンド; 野菜たっぷりスープ; シナモンロール; 小麦粉・乳製品・砂糖不使用のスイーツ,03-5340-8292,https://wanderlog.com/place/details/5033956/una-camera-livera,,una camera liveraは曜日ごとに店主が入れ替わるシェアカフェ。グルテンフリーなのは主に月・火曜出店の「こめパンカフェ」で、米粉のバゲットサンドや小麦・乳・砂糖不使用スイーツを提供。店全体がグルテンフリーではなく、出店日によって内容が変わるため、訪問前にInstagram等で営業日を確認すること。JR中野駅南口から徒歩3〜5分。,2026-06-24
Spice Bar SUZU,Spice Bar SUZU,中野区,東京都中野区上高田1-49-10 レフォルマ上高田1F,無添加グルテンフリースパイスカレー（ライス・3種副菜セット：ココナッツ、野菜、パパド）; 麻辣スパイス豆腐麺; 新感覚麻婆豆腐（赤・白）,03-6454-0308,https://www.city.tokyo-nakano.lg.jp/kanko/gourmet/marutto2.html,,無国籍スパイス料理店。中野区公式サイトでも「食材は無添加、グルテンフリーにこだわり」と紹介されている。看板のスパイスカレーが無添加・グルテンフリー。全メニューがグルテンフリーかどうか、また交差汚染対策の明記は確認できず。西武新宿線「新井薬師前駅」北口より徒歩8分。営業は水木金日・土（月火定休）。,2026-06-24
さかこし珈琲店,Sakakoshi Coffee Ten,中野区,東京都中野区中野5-52-15 中野ブロードウェイ2F,米粉のロールケーキ（フルーツロールケーキ）; グルテンフリーのチーズケーキ,03-3388-3449,https://www.chuo-besthome.co.jp/local/sakakoshi-coffee/,,1971年創業の老舗喫茶店。ケーキは中野の洋菓子店「ソワメール」からの取り寄せで、生地は100％米粉使用のグルテンフリーと紹介されている。グルテンフリーなのはこのケーキ類のみで、店自体はグルテンフリー専門ではない。コーヒー等の他メニューや交差汚染対策は不明。ショーケースの内容は日により変わるため要確認。会計は現金のみ。中野ブロードウェイ2階エレベーター通り。,2026-06-24
raccoon（ラクーン）,raccoon,杉並区,東京都杉並区西荻南3-4-1,ポークカレー（甘口）; 野菜カレー（辛口）; 今週のカレー（週替わり：サバカレー、チキンカレー、キーマカレー、エビカレー等）; ハーフ&ハーフ（あいがけ）; 3種盛り; ローチーズケーキ; ロータルト,090-9374-7126,https://san-tatsu.jp/articles/116707/,,カレーは小麦粉・白砂糖不使用のグルテンフリー、ロースイーツは乳製品・卵・小麦粉・白砂糖不使用でヴィーガン対応。看板メニューがすべてグルテンフリーで、食事制限のある客向けに設計されている。ただし専用GF認証施設ではないため、セリアック患者向けのコンタミ管理については店舗への確認を推奨。営業は主に金土日（平日はカレーのテイクアウトのみの期間あり）。,2026-06-24
西荻のことカフェ,Nishiogi no Koto Cafe,杉並区,東京都杉並区西荻南3-6-2,お惣菜プレート; カレー; キッシュ,080-3595-0500,https://glutenfree.empacede.co.jp/cafe-gf-tokyo/,,シェア方式のカフェで、ブースごとに日替わりで出店者が変わる。グルテンフリーガイドでは古民家カフェ『モモガルテン』が間借り出店し『すべてのメニューがグルテンフリー（★★★★★）』と紹介。フランス家庭料理・和風惣菜中心で低糖質。ただし出店者が日替わりのため、GFメニューが提供されるのは特定の出店日のみ。来店前にスケジュール（SNS）確認が必須。電話番号は『西荻のこと』運営拠点のもの。グルテンフリーガイドには別電話（03-5368-6838）の記載もあり。,2026-06-24
cotito ハナトオカシト（コチト）,cotito,杉並区,東京都杉並区西荻北5-26-18,ハナサブレ（米粉）（卵・乳・小麦粉不使用）; お花の米粉レーズンブラウニー; ホワイトチョコがけ米粉サブレ; 米粉のクッキー,03-6753-2395,https://www.ufu-sweets.jp/baked/20230401cotito/,,花屋兼焼き菓子・カフェの店。完全グルテンフリー店ではなく、米粉表記のある一部商品のみが小麦粉不使用。多くの焼き菓子は小麦粉を含むため、グルテン除去が必要な方は商品ごとのアレルゲン表示確認が必須。同じ厨房で小麦粉使用菓子を製造しているためコンタミの可能性あり。カフェ営業は不定期（主に土日、休止期間あり）。,2026-06-24
おこめcafe（米粉100％・無添加手づくり）,,杉並区,東京都杉並区阿佐谷北2丁目36番1号 103,,080-6060-5907,https://www.city.suginami.tokyo.jp/s104/792.html,,杉並区公式サイト『食べのこし0応援店』に掲載。『米粉100％のグルテンフリーで無添加手づくり』とPR。米粉ならではのもちもち感とてんさい糖の優しい甘さが特徴。営業時間11:00〜17:00、定休日は日・月・火。具体的な店名と個別メニュー名は確認できた情報源に明記されておらず、来店前に店舗への確認を推奨。コンタミ管理の詳細は未確認。,2026-06-24
AIN SOPH. soar（アインソフ ソア 池袋店）,AIN SOPH. soar IKEBUKURO,豊島区,〒170-0013 東京都豊島区東池袋3-5-7 ユニオンビルディング1F,サラダタコライス（無農薬玄米ご飯・ベジタコミート・豆腐マヨネーズ・アボカド・コーンミールチップス）; グルテンフリーストロベリーパンケーキ（米粉生地）; オートミールクッキー; グルテンフリークッキー（お土産用）,03-5944-9699,https://www.favy.jp/topics/28311,,完全グルテンフリーではなくヴィーガンレストランで、メニューの一部がグルテンフリー。パンケーキなど一部メニューは国産小麦粉を使用しているため要注意。来店時にスタッフへアレルギーの有無を伝える運用で、メニュー裏にアレルギー早見表あり。厨房で小麦を扱うためコンタミの可能性あり。,2026-06-24
ぽんでCOFFEE（ポンデコーヒー）,Ponde Coffee,豊島区,東京都豊島区南池袋3-13-13 村中ビル1階,ぽんで（タピオカ粉のもちもち一口パン／プレーン・チーズ&ペッパー・めんたいこ・バジル・コーンポタージュ・ゆかり・ホワイトチョコ・ごま・クリームチーズ・黒糖あずき・抹茶・ラムレーズン等）; ぽんで生地のサンド; ぽんで生地のデザート; ぽんでのパウンドケーキ,03-6907-2256,https://ponde-coffee.com/free/ponde,,看板商品「ぽんで」はタピオカ粉を使用した小麦粉不使用・グルテンフリーのオリジナル一口パン。日替わりで10種類以上が店頭に並ぶ。公式にセリアック対応やコンタミ防止の明記は確認できなかったため、重度の小麦アレルギーの場合は店舗へ要確認。,2026-06-24
はちくまカフェ,Hachikuma Café,豊島区,東京都豊島区東池袋2丁目50-13 マガザン東池袋1階（池袋店）。南池袋店も豊島区内に展開,米粉のシフォンケーキ（小麦粉不使用・紅茶風味）,03-5944-8924,https://www.hachikumacafe.com/menu.html,,ハニースイーツ専門のカフェで、グルテンフリーなのは米粉シフォンケーキのみと確認。フレンチトーストやカレー等の他メニューには小麦を使用。完全グルテンフリー店ではなく単品GFメニューの提供。厨房で小麦を扱うためコンタミの可能性あり。店内利用は1ドリンクオーダー制。,2026-06-24
GOOD MORNING CAFE ルミネ池袋,Good Morning Cafe Lumine Ikebukuro,豊島区,東京都豊島区西池袋1丁目 ルミネ池袋内（西池袋）,まるごとタマネギのロースト（グルテンフリー・ベジタリアン対応）; ローズマリーとにんにく香るポテト（グルテンフリー・ベジタリアン対応）; グルテンフリー対応の日替わりパスタ,,https://tabelog.com/keywords/%E3%83%99%E3%82%B8%E3%82%BF%E3%83%AA%E3%82%A2%E3%83%B3/tokyo/A1305/A130501/kwdLst/,,一般的なカジュアルカフェで、メニューの一部にグルテンフリー対応の表記あり（食べログのクチコミ情報に基づく）。完全グルテンフリー店ではない。電話番号や正確な番地・店舗フロアは確認できなかったため、来店前に店舗へ要確認。厨房で小麦を扱うためコンタミの可能性あり。,2026-06-24
マチヤクレープ,Machiya Crepe,荒川区,東京都荒川区町屋3-9-17,米粉のクレープ生地（シュガーバター 500円）; いちごチョコ クレープ（650円）,,https://arakawa-story.com/?p=18805,,米粉（rice flour）生地のクレープ店として2026年2月オープン。持ち帰り専用。生地は米粉ベースだが、トッピングやクリーム等の小麦・コンタミネーションについては未確認で、セリアック対応の完全グルテンフリー店であるとの明記は確認できなかった。,2026-06-24
Cafe de Cuore（カフェ・ド・クオーレ）,Cafe de Cuore,板橋区,〒174-0063 東京都板橋区前野町3-25-2,薬膳スープカレー（健薬膳スープカレー／美薬膳スープカレー）; ヴィーガンタコライス; 腸活豆乳ポトフ; 自家製米粉パン; ソイミート（大豆ミート）唐揚げ; ガトーショコラ（小麦粉・卵不使用）; キャラメルオーツタルト; キャロットケーキ; 抹茶テリーヌ,03-3960-4355,https://cafedecuore.com/food.html,,薬膳・ヴィーガン・グルテンフリー対応のヘルシーカフェ。全品グルテンフリーではなく、グルテンフリー／小麦不使用のスイーツやメニューが一部用意されている形。ペット同伴可のドッグカフェのため、セリアック対応や交差汚染（クロスコンタミネーション）に関する明示的な情報は確認できず。重度のアレルギーがある場合は事前に店舗へ確認が必要。,2026-06-24
My Sweets Salon（マイスイーツサロン）,My Sweets Salon,板橋区,東京都板橋区仲宿54-10 板橋産連会館ビル1階,バスクチーズケーキ（プレーン）; 抹茶バスクチーズケーキ; 季節限定バスクチーズケーキ（例：ストロベリー、パンプキン）; ガトーショコラ; 米粉のフィナンシェ; スパイスナッツクッキー（大人のスパイスクッキー）,,https://news.yahoo.co.jp/expert/articles/bcbee759d2dd252e48f5b199aad28bed2a69caf2,,2025年3月10日オープンのグルテンフリースイーツ専門カフェ。提供するケーキ・お菓子はすべてグルテンフリーで作られており、砂糖はすべてきび糖を使用。フレンチレストランのパティシエ・古川舞さんの店。乳製品・卵は使用するメニューあり。営業日は火・水・日（情報源により異なる）と限定的。専用工房で製造しているが、セリアック対応・交差汚染に関する明示はないため重度のアレルギーは要確認。,2026-06-24
Chamillstarrr（ちゃみるすたー）,Chamillstarrr,板橋区,〒175-0094 東京都板橋区成増2-15-7,米粉クレープ生地（米粉・米油・豆乳・てんさい糖使用、全クレープ共通）; バターシュガー; ばななちょこホイップ（いちばなちょこホイップ）; ちゃみるブリュレ; いちごみるく; ウインナーマヨ（おかず系クレープ）; Hot Saladaクレープ,,https://itabashi.keizai.biz/headline/915/,,2025年4月18日オープンの、米粉・米油・豆乳・てんさい糖で作る自家製グルテンフリー生地が特徴のクレープ専門店。生地は小麦粉不使用でグルテンフリー。メニューは全22種類でスイーツ系・おかず系あり。生地はグルテンフリーだがトッピング・ドリンク等個別具材のグルテン有無やセリアック対応・交差汚染については明示なし。重度のアレルギーは事前確認推奨。,2026-06-24
おやつの時間,Oyatsu no Jikan,板橋区,,グルテンフリーのマフィン（プレーンほか）; グルテンフリーのクッキー; 総菜系マフィン（ソーセージ入り、ミートソース入り等）,,https://www.noharm.jp/eats/ja/blog/detail/476,,ときわ台駅近くのお菓子屋さん（イートインあり）。販売しているお菓子にはグルテンフリーのものとそうでないものがあり、店頭でポップにより色分け表示してグルテンフリー品を区別している。全品グルテンフリーではなく一部がグルテンフリー。正確な住所・電話番号は情報源で確認できず。同一店舗・厨房で小麦使用品も扱うため交差汚染の可能性があり、重度アレルギーは要確認。,2026-06-24
UNION BAKERY（ユニオン ベーカリー）,UNION BAKERY,練馬区,東京都練馬区春日町6-5-4,米粉の豆乳蒸しパン（ココア、プレーン、抹茶など）,03-3999-0759,https://retty.me/area/PRE13/ARE26/SUB2601/100000840933/,,グルテンフリー専門店ではなく、主に北海道産小麦（はるゆたか）と天然酵母を使った一般的なベーカリー＆カフェ。グルテンフリーなのは米粉の豆乳蒸しパンなど一部商品のみで、店内では小麦粉を多用するため、セリアック患者向けにはクロスコンタミネーション（小麦の混入）のリスクが高い。各商品に原材料表示あり。2階にイートインカフェあり。,2026-06-24
蒼のカフェ 練馬店（旧・玄米カフェ 蒼）,Ao no Cafe Nerima (formerly Genmai Cafe Ao),練馬区,東京都練馬区豊玉北6-13-18 野田（ノダ）アネックス 2F,ヴィーガン＆グルテンフリーラーメンセット（重ね煮発幸グルテンフリーベジヌードル）; ヴィーガン＆グルテンフリーパンセット（米粉パン使用）; きほんの「き」セット（蒼の元米・精進出汁の味噌汁・惣菜）; ヴィーガン＆グルテンフリークッキー; 玄米餅入りおぜんざい,,https://s-nerima.jp/wp/183310,,BL研究所運営の健康志向カフェ。ヴィーガン・グルテンフリー・シュガーフリーを掲げており、メニューの多くがグルテンフリー。練馬区役所の向かい、目白通り沿い。2024年9月に「蒼のカフェ 練馬店」としてリニューアル再開。完全グルテンフリー専門店かどうかは要確認のため、来店前に問い合わせ推奨。酸素カプセル併設。,2026-06-24
カフェ コメコ（さかなのにしだ場）,Cafe Komeko,練馬区,東京都練馬区上石神井4-1-13 サンコート上石神井 1F,オリジナル米粉100％パンケーキ（プレーン／あずき）; 鶏もも米粉揚げ定食; 豚肩ロース生姜焼き定食,,https://grutto-plus.com/area/shakujii_nishitokyo/388/,,「コメコ」の店名どおり米粉を使った料理が中心。ただし完全なグルテンフリー専門店ではなく、米粉パンケーキには牛乳・卵・ベーキングパウダーを使用、唐揚げの衣は米粉だが、店内では小麦を使う他メニューもあるためクロスコンタミネーションの可能性あり。重度の小麦アレルギー・セリアックの方は事前確認が必要。昼はカフェ、夜は居酒屋（さかなのにしだ場）として営業。上石神井駅北口から徒歩2〜3分。,2026-06-24
和菓子 大吾,Wagashi Daigo,練馬区,東京都練馬区大泉学園町6-28-40,米粉マドレーヌ（小麦粉不使用）,03-5947-3880,https://www.city.nerima.tokyo.jp/hokenfukushi/hoken/shokuiku/shokuikuouenten/daigo.html,,和菓子店であり、グルテンフリー専門店ではない。米粉マドレーヌが小麦粉を使わずグルテンフリー・小麦アレルギー対応として練馬区公式サイト（ねりまの食育応援店）で紹介されている。他の商品には小麦を含むものがあるためクロスコンタミネーションに注意。西武池袋線大泉学園駅よりバス利用。定休日は月曜・月1回日曜不定休。,2026-06-24
mom's chiffon（マムズ シフォン）,mom's chiffon,練馬区,東京都練馬区立野町10-37,米粉シフォンケーキ（プレーン、バナナ、自家製塩麹、ほうじ茶、紅茶など20種以上）; シフォニー（くるみショコラ、ショコラ）,,https://kichifan.com/2018/08/09/momschiffon_report/,,米粉シフォンケーキ専門店で、商品は米粉100％・グルテンフリー・乳製品不使用（卵・米粉・きび砂糖・菜種油などが主原料）。シフォンケーキ専門のため店全体が小麦不使用に近く、比較的安心度は高いが、セリアック対応の正式表示は確認できていないため重度アレルギーの方は事前確認推奨。吉祥寺通り沿い、練馬区立野町に立地。主に持ち帰り販売中心。,2026-06-24
PECOTA PECOTA Gluten Free（ペコタペコタグルテンフリー）,PECOTA PECOTA Gluten Free,足立区,東京都足立区千住3-66-7 F-full 1F,グルテンフリーの生パスタ（米粉パスタ）; ムール貝のパスタ,,https://arift.jp/newopen/9354/,,全メニューがグルテンフリーの専門レストラン（オーナーシェフ引間みずき氏）。2025年7月オープン。調味料・食材も小麦を含むものを一切使用せず、無添加・自家製発酵調味料・有機/オーガニック食材にこだわる完全グルテンフリー店のため、小麦の交差汚染リスクは低いと考えられる。各線北千住駅より徒歩3〜4分。具体的なパスタ料理のラインナップは店舗で要確認。,2026-06-24
あまーのあまーの北千住（A mano a mano Kitasenju）,A mano a mano Kitasenju,足立区,〒120-0021 東京都足立区日ノ出町38-16 さかの荘1階,米粉の焼きドーナツ（プレーン／レモン／イチゴ／シナモン、各440円）,,https://amanosenju.base.shop/p/00002,,グルテンフリー専門店ではなく、一部メニューがグルテンフリー対応。古民家をリノベしたジェラート＆カフェで、卵・小麦粉不使用のスイーツやランチも提供。米粉ドーナツはグルテンフリー・ヴィーガン仕様（豆乳・きび糖・ココナッツオイル使用）と明記。ジェラートやパスタなど一般メニューもあるため、店内で小麦製品も扱っており交差汚染の可能性あり。北千住駅東口から徒歩6分。営業10:30〜18:00（L.O.17:30）、月曜定休。,2026-06-24
なないろ / Marie's glutenfree lab（マリーズ グルテンフリー ラボ）,Marie's glutenfree lab,足立区,,生米パン（無農薬米使用の米粉パン）,,https://adachi.goguynet.jp/2022/02/10/nanairo-glutenfree/,,小麦アレルギーのパン職人「まりさん」が米粉パンの販売とパン教室を行う。「なないろ」は足立区立中央図書館（学びピア）近くの空き家をリノベしたキッチン付きレンタルスペースの名称で、そこで販売・レッスンを実施。販売は基本的に毎週金曜・土曜のみとされ、レストラン/カフェではなく主に米粉パンの販売。正確な番地・電話番号は確認できなかった。営業形態が限定的なため事前確認を推奨。,2026-06-24
甲賀米粉たい焼き 葛飾店,Koga Komeko Taiyaki Katsushika-ten,葛飾区,〒125-0041 東京都葛飾区東金町3-18-14 長谷ビル1F,米粉たい焼き 十勝産つぶあん; 米粉たい焼き カスタードクリーム; こしあんクリームチーズ; ソフトクリーム,03-6826-2773,https://www.katsushika-kushouren.jp/store/s45026/,,国産米粉100%を使用し小麦粉不使用のたい焼き専門店（テイクアウト中心、店内2席）。店側は『小麦アレルギーの方もお召し上がり頂けます』と案内。ただしセリアック対応の専用調理環境やコンタミ管理についての明記は確認できず、セリアックの方は事前確認を推奨。営業時間・定休日は情報源により表記差あり（商店街連合会: 月～金11:00〜19:00／土日祝11:00〜18:00、定休木曜）。,2026-06-24
おこめのおくりもの,Okome no Okurimono,葛飾区,東京都葛飾区奥戸5-1-3,米粉100%クレープ ピスタチオ（ラズベリーソース・ピスタチオクリーム・生クリームアイス）; 米粉100%クレープ シナモンシュガー; 米粉100%クレープ チョコバナナ,,https://burari.c21hariki.com/gourmet/cake/tateishi-okomenookurimono-20250616/,,2025年3月オープンの米粉100%グルテンフリークレープ専門店。店主自身が小麦アレルギーを発症した経験から開業し、生地は全て米粉・小麦不使用、甜菜糖使用。夜は同じ店舗が居酒屋『和（やわらぎ）』として営業するため、調理場の共用によるコンタミの可能性は否定できず、要確認。営業時間11:00-18:00（土曜のみ16:00閉店）、定休は火～金（土日月のみ営業との情報もあり変更の可能性あり）。駐車場なし。,2026-06-24
カフェ こぼれび,Cafe Coborebi,葛飾区,〒125-0061 東京都葛飾区亀有3-32-1,日替わりの食事プレート（有機玄米と無農薬野菜中心の手作り無添加ごはん）; オーガニックカレー,,https://coborebi.com/,,2023年8月オープン、亀有駅南口ゆうろーど商店街にある無農薬・無添加・ヴィーガン対応カフェ。グルテンフリー＆ヴィーガンメニューが豊富と紹介されているが、全店グルテンフリー専門店ではない（一部メニューのみGF対応）。スイーツには平飼い卵の紅茶プリンなど小麦不使用品もあるが、具体的にどのメニューがGFかは要確認。セリアック対応・コンタミ管理についての明記は確認できず。営業時間は情報源により差あり（月～土12:00～21:00／日祝12:00～19:00、定休火曜）。,2026-06-24
プレッツェルドー,Bretzel d'or,江戸川区,東京都江戸川区東小岩5-12-20-101,米粉の紅茶パウンドケーキ; 米粉のキャラメルコーヒーパウンドケーキ; 米粉のココアクッキー; 栗ロール; ティラミス; ガトーショコラ; チーズケーキ; レアチーズケーキ; ショートケーキ; シュークリーム（ぷちシュー）; フルーツタルト; モンブラン; 生デコレーション（ホールケーキ）; トリュフチョコ,03-6336-1980,https://www.bretzeldor.jp/,,店内の商品はすべて小麦粉不使用・米粉使用のグルテンフリー洋菓子店。ただし公式サイトに「一部材料の製造工場では『小麦』と『大豆』の成分を含む製品を製造しています」との注意書きがあり、原材料レベルでの微量混入の可能性がある。セリアック対応を明言した店ではないため、重度のアレルギー・セリアックの方は製造店舗に直接確認が必要。営業時間・定休日は情報源により10:00〜19:00／10:30〜19:00、水・木曜定休と記載。,2026-06-24
リリアマンド,Riz Lie Amande,江戸川区,東京都江戸川区西瑞江3丁目2-19 メゾンミヤモト103,シュークリーム; エクレア; トリュフチョコ; アーモンドミルク・アーモンドパウダーを使った焼き菓子,,https://news.yahoo.co.jp/expert/articles/da92b8d12f7c933225628facccc402e51a0a912f,,店内すべてがグルテンフリーの洋菓子店。オーナーがパティシエとして働く中で小麦アレルギーを発症したことをきっかけに開業。アーモンドミルクやアーモンドパウダーを多用した焼き菓子が特徴。営業時間は地域ニュース記事時点で木12:00〜18:00、金土12:00〜22:00、日12:00〜18:00だが、最新情報は公式Instagramで要確認。クロスコンタミ（交差汚染）についての明記は確認できず。セリアック対応を明言した店ではない。,2026-06-24
グルテンフリー米麺×中華 香香 小岩店,Gluten Free Rice Noodle x Chinese Shanshan Koiwa,江戸川区,〒133-0057 東京都江戸川区西小岩1-19-24,,03-6874-8823,https://ekitan.com/local-info/gourmet/spot/spid-af9726471ad66400893b6490a2a20d15,,店名が「グルテンフリー米麺×中華」で、グルテンフリーの米麺を使った中華・居酒屋として掲載されている。具体的なグルテンフリーメニューの内容（個別の料理名）はぐるなび・駅探・マピオンの掲載情報からは確認できなかったため空欄とした。中華料理店のため醤油などの調味料に小麦が含まれる可能性があり、麺以外のメニューや交差汚染については店舗に直接確認が必要。,2026-06-24
AyasuCafe 小岩（アヤスカフェ小岩）,AyasuCafe KOIWA,江戸川区,東京都江戸川区南小岩8-11-8 ウィルコート小岩1F,バターチキンカレー（鶏ムネ肉100g・小麦粉不使用）; 自家製からあげプレート; 冷凍バターチキンカレー（テイクアウト/通販）,03-4361-8114,https://www.ayasucafe.com/,,看板メニューのバターチキンカレーは小麦粉・添加物を一切使わないグルテンフリーとして提供。店全体がグルテンフリー専門というわけではなく、特定メニューがグルテンフリー対応。JR小岩駅徒歩4分。営業時間は火〜土11:30〜16:00、日・月・祝定休（情報源により表記差あり）。交差汚染に関する明記は確認できなかった。なお過去に移転しているため住所・営業時間は最新情報を要確認。,2026-06-24
HealthyTOKYO CBD ファクトリー＆カフェ 江戸川店,HealthyTOKYO CBD Factory & Cafe Edogawa,江戸川区,〒132-0021 東京都江戸川区中央1-18-8 1階,グルテンフリーラザニア（特製ライスヌードル使用）; グルテンフリーのケーキ（ニューヨークチーズケーキ、ガトーショコラ等）; CBDブラウニー; CBDクッキー; CBDチョコレート,050-5526-2320,https://healthytokyo.com/ja/locations/healthytokyo-cbd-factory-cafe-edogawa/,,全メニュー100％ヴィーガンで、ほとんどのメニューがグルテンフリー（全品ではない）。キッシュやパニーニなど一部に小麦を含むメニューがある可能性があるため、ラザニアやケーキ等の明確なグルテンフリー品を選ぶ必要がある。江戸川区役所から徒歩約1分。営業時間9:00〜17:30。セリアック対応や交差汚染についての明記は確認できなかった。,2026-06-24
Cafe SAKURA,Cafe SAKURA,江戸川区,東京都江戸川区平井3丁目21番1号,グルテンフリー小松菜ポンせんべい（2枚入り150円）,080-5431-1935,https://www.city.edogawa.tokyo.jp/e032/shigotosangyo/jigyosha_oen/nogyo_suisan/komatsuna/meibutsu/restaurant/sakura.html,,江戸川区公式サイト（小松菜名物店紹介）に掲載。グルテンフリーと明記されているのは「小松菜ポンせんべい」のみ。他に米粉小松菜牛すじガレット（900円）、米粉小松菜バナナクレープ（350円）など米粉メニューもあるが、これらはグルテンフリーと明示されていないため除外した。JR総武線平井駅南口徒歩7分。グルテンフリー専門店ではなく一部メニューのみ。交差汚染情報は不明。,2026-06-24
みんなのパン,Minna no Pan,江戸川区,〒134-0013 東京都江戸川区江戸川6-33-28 大和コーポ1階,,03-6808-7675,https://minnanopan.com/,,低糖質・ふすまパン・大豆パンの専門店。低糖質パンは販売しているが、ふすま（小麦ブラン）や大豆を主原料とし『グルテンフリー』を明示した商品は公式情報から確認できなかったため、グルテンフリー品目は空欄とした。低糖質＝グルテンフリーではない点に注意。小麦粉のパンも販売しているため、グルテンフリー目的での利用は店舗への直接確認が必須。参考として掲載。,2026-06-24
